Cliente;CPF;Data;Valor;CCB;Status
Maria Jose farias de Oliveira;081.417.414-03;12/10/2026;152,43;3009211;Em andamento
Lidiane rocha da silva valentim;015.078.996-37;12/10/2026;243,59;3007955;Em andamento
Edilson Assis;718.603.559-00;05/10/2026;227,28;3007825;Em andamento
Maria Jose da Silva;013.845.024-24;12/10/2026;217,08;3006603;Em andamento
Charles de Oliveira Lima;367.979.838-51;12/10/2026;162,42;3006450;Em andamento
Andresa Barossi;973.160.160-00;12/10/2026;195,25;3003422;Em andamento
Francisco Francileudo dos Santos;285.321.678-02;05/10/2026;180,42;3003362;Em andamento
Roberta Chiarello;059.900.679-09;05/10/2026;252,02;3003280;Em andamento
Guilherme Todelis Del passo;264.287.568-70;05/10/2026;233,71;2996953;Em andamento
Thamer Luiz cunha gregorio;020.687.936-95;07/10/2026;192,32;2993618;Em andamento
Joao Marcos Martins;143.537.171-20;07/10/2026;248,20;2993610;Quebrado
Cecilia Dos Santos Costa;602.987.793-31;02/10/2026;154,77;2993558;Em andamento
Maria dos Humildes de Oliveira Santos;305.457.653-15;07/10/2026;244,35;2992480;Em andamento
Jose Fernando Campos pereira;363.639.268-90;07/10/2026;189,34;2991454;Em andamento
Elaine Cabral lima;915.243.695-00;07/10/2026;195,10;2991442;Quebrado
Epaminondas Bruno Gomes do Sacramento;062.074.069-82;02/10/2026;228,50;2990199;Quebrado
Lucas Rodrigues Gonçalves;114.996.436-75;02/10/2026;126,30;2989174;Quebrado
Margaret dos Santos;678.753.606-25;02/10/2026;243,12;2986088;Em andamento
Carlos Ribeiro dos Santos;958.312.665-91;06/10/2026;246,04;2986080;Em andamento
Richardes Mateus Nascimento;931.716.681-49;06/10/2026;248,20;2985514;Em andamento
Edjaldo Silva Mendes;105.372.154-41;06/10/2026;217,75;2985070;Quebrado
Mauro Muniz Piersanti;784.330.297-20;01/10/2026;228,50;2985068;Quebrado
Guilherme Todelis Del passo;264.287.568-70;01/10/2026;233,71;2984594;Quebrado
Robson Alves da Silva;063.347.316-29;01/10/2026;164,11;2984585;Quebrado
Deivit Eduardo Carvalho Oliveira;034.061.391-24;01/10/2026;211,79;;
